[
  {
    "id": 0,
    "name": "South Dakota",
    "description": "Buffalo on the Plains",
    "source": "img/photo02.jpg"
  },
  {
    "id": 1,
    "name": "Colorado Springs",
    "description": "Garden of the Gods",
    "source": "img/photo03.jpg"
  },
  {
    "id": 2,
    "name": "Colorado National Monument",
    "description": "Double Rainbow",
    "source": "img/photo05.jpg"
  },
  {
    "id": 3,
    "name": "Grand Lake, Colorado",
    "description": "Moose in the Wild",
    "source": "img/photo06.jpg"
  },
  {
    "id": 4,
    "name": "Grand Teton National Park",
    "description": "Teton Crest Trail",
    "source": "img/photo09.jpg"
  },
  {
    "id": 5,
    "name": "Badlands National Park",
    "description": "The Notch Trail",
    "source": "img/photo10.jpg"
  }

]