
[
  {
    "id": 0,
    "name": "Rocky Mountain National Park",
    "description": "Sky Pond",
    "source": "img/photo01.jpg"
  },
  {
    "id": 1,
    "name": "Rocky Mountain National Park",
    "description": "Elephant Head Wild Flower",
    "source": "img/photo04.jpg"
  },
  {
    "id": 2,
    "name": "Rocky Mountain National Park",
    "description": "Camas Wild Flower",
    "source": "img/photo07.jpg"
  },
  {
    "id": 3,
    "name": "Rocky Mountain National Park",
    "description": "Chasm Lake",
    "source": "img/photo08.jpg"
  },
  {
    "id": 4,
    "name": "Rocky Mountain National Park",
    "description": "Sprague Lake",
    "source": "img/photo11.jpg"
  },
  {
    "id": 5,
    "name": "Rocky Mountain National Park",
    "description": "Longs Peak Trail",
    "source": "img/photo12.jpg"
  }
]
